turn_index,mean_score,count
1,1.596638655462185,119
2,1.3277310924369747,119
3,1.2857142857142858,119
4,1.319327731092437,119
5,1.0420168067226891,119
6,0.9495798319327731,119
7,1.0924369747899159,119
8,0.9243697478991597,119
9,0.9122807017543859,114
